Location,Count
Bangalore,686
Mumbai,290
Pune,252
Hyderabad,228
Secunderabad,208
Delhi,197
Chennai,196
NCR,141
Gurgaon,134
Gurugram,121
Noida,121
Areas,97
All,97
Kolkata,90
Ahmedabad,53
New,46
Indore,34
Kochi,34
Cochin,29
Jaipur,24
Trivandrum,22
Navi,21
Chandigarh,20
Coimbatore,20
Nagar,19
Thiruvananthapuram,18
Nagpur,16
Suburban,15
Sector,14
Greater,11
Thane,11
India,10
Road,9
Mohali,9
Faridabad,9
Mangalore,9
Lucknow,8
Layout,8
Vadodara,7
Mangaluru,7
Visakhapatnam,7
Bhubaneswar,7
HSR,6
United,6
City,6
Gujarat,6
Remote,6
States,5
Bhopal,5
USA,5
Panjim,5
Gandhinagar,5
Goregaon,4
Ernakulam,4
Raipur,4
Mysore,4
Ghaziabad,4
Rajkot,4
Kalyani,4
kerala,4
SAS,3
Rural,3
haryana,3
A,3
india,3
Jamshedpur,3
Kozhikode,3
Electronic,3
Puducherry,3
Goa,3
Mysuru,3
Sohna,3
Kakinada,3
Kharadi,3
Guwahati,3
Surat,3
Pondicherry,3
Panaji,3
Karnataka,2
Senapati,2
DELHI,2
Guntur,2
Anand,2
Kannur,2
Meerut,2
Overseas,2
Belgaum,2
BTM,2
Vaishali,2
South,2
Nagercoil,2
th,2
Lower,2
Cyber,2
Viman,2
Phase,2
Prahlad,2
East,2
goa,2
Panchkula,2
Bagh,2
Udaipur,2
Punjab,2
JP,2
Bapat,2
Koramangala,2
Jasola,2
Ballari,2
Singapore,2
Bellary,2
gujarat,2
Haryana,2
International,2
Calicut,2
Rani,2
Parel,2
Marathahalli,2
Hubli,2
Srinagar,2
Tirunelveli,2
Chenani,2
Kota,2
Dehradun,2
Kanpur,2
Panvel,2
Manesar,2
Vijayawada,2
Madurai,2
Trichy,2
Bareilly,1
Complex,1
Karnal,1
Agra,1
Salt,1
Salem,1
Andheri,1
Block,1
Bhiwandi,1
Kurla,1
in,1
Kancheepuram,1
punjab,1
lunglei,1
Bahadurgarh,1
Angul,1
Porur,1
Serilingampally,1
Banjara,1
Japan,1
Tirupati,1
Mathura,1
Bhilai,1
Daman,1
karnataka,1
Airoli,1
Prabhadevi,1
Hebbal,1
Jaunpur,1
Thrissur,1
tamilnadu,1
gaur,1
Bharuch,1
Maldah,1
EPIP,1
Bannerghatta,1
Kasna,1
Balaji,1
Kurnool,1
Ambah,1
Thiruvallur,1
Mumbra,1
SEEPZ,1
Janakpuri,1
Erode,1
Co,1
Kondapur,1
Saligramam,1
pune,1
hills,1
Perungudi,1
Hosur,1
Dabhade,1
Warangal,1
Gwal,1
maharashtra,1
Taramani,1
other,1
delhi,1
Residency,1
Karur,1
Cannanore,1
Rohini,1
Bhilwara,1
Palani,1
Jhansi,1
Vadapalani,1
Whitefield,1
Dubai,1
operative,1
Malda,1
Lake,1
dharmapuri,1
Wakad,1
Nasik,1
Jabalpur,1
Jharkhand,1
Muzaffarpur,1
Anantapur,1
Phata,1
Howrah,1
Alappuzha,1
Ashok,1
Jharsuguda,1
Chengalpattu,1
Ankleshwar,1
Ghitorni,1
Wazirpur,1
Ghatlodia,1
Kushaiguda,1
Location,1
No,1
Ranchi,1
Shillong,1
Bavdhan,1
Mount,1
Indi,1
raipur,1
Yamunanagar,1
DELH,1
Gwalior,1
Bhillai,1
Mohan,1
dwarka,1
Others,1
Talegaon,1
Diu,1
Madhapur,1
Sholinganallur,1
Mission,1
Jayanagar,1
Belagavi,1
Chattarpur,1
Bandra,1
Colony,1
Swargate,1
dholka,1
Indira,1
Electronics,1
Ramapuram,1
Place,1
Ballabhgarh,1
Bhiwadi,1
remote,1
viramgam,1
Dharmapuri,1
Any,1
Central,1
Sami,1
Balewadi,1
Powai,1
Udupi,1
chennai,1
vashi,1
ahmedabad,1
Shettihalli,1
Maharashtra,1
Hadapsar,1
Tumkur,1
Kollam,1
Banaswadi,1
Gangtok,1
Pahari,1
Zone,1
Patel,1
Sahakara,1
Dindigul,1
UK,1
Baner,1
Vashi,1
Kandukuru,1
Manapakkam,1
Aurangabad,1
Trichur,1
Gachibowli,1
Alleppey,1
Teynampet,1
Ludhiana,1
NSEZ,1
verna,1
Uttar,1
Tiruchirapalli,1
Begumpet,1
Open,1
Thodupuzha,1
KPHB,1
detroj,1
Malad,1
Connaught,1
Bhagalpur,1
tamil,1
Vidyaranyapura,1
Bellandur,1
Siddipet,1
Amritsar,1
block,1
Somajiguda,1
Pradesh,1
Kailash,1
Bhosari,1
Kingdom,1
Nashik,1
Jalandhar,1
Udyog,1
Dharwad,1
Madras,1
Sadashiva,1
North,1
Quilon,1
telangana,1
ncr,1
Sarjapur,1
Kanyakumari,1
Nanakramguda,1
mizoram,1
Anywhere,1
Old,1
Chhattisgarh,1
Vellore,1
Safdarjung,1
any,1
Vishakhapatnam,1
