Locations,Count
Bangalore/Bengaluru,291
Pune,237
Hyderabad/Secunderabad,197
Chennai,187
Mumbai,149
Delhi / NCR,124
Gurgaon/Gurugram,113
Mumbai (All Areas),94
Noida,93
Kolkata,89
Ahmedabad,49
New Delhi,36
Indore,34
Kochi/Cochin,28
Jaipur,24
Bengaluru,22
Navi Mumbai,21
Hyderabad,20
Coimbatore,20
Chandigarh,20
Trivandrum/Thiruvananthapuram,17
Nagpur,16
Gurgaon,15
Mumbai Suburban,15
Delhi,13
Thane,11
Greater Noida,9
India,9
Lucknow,8
Faridabad,8
Visakhapatnam,7
Vadodara,7
Bhubaneswar,7
Mangaluru/Mangalore,7
Gujarat,6
Mohali,6
Remote,6
Kochi,5
Bhopal,5
United States (USA),5
Trivandrum,5
Delhi NCR,5
Gandhinagar,5
kerala,4
Goregaon,4
Raipur,4
Rajkot,4
Pondicherry/Puducherry,3
Surat,3
Kakinada,3
Panaji/Panjim,3
haryana,3
Guwahati,3
Jamshedpur,3
india,3
Mysore/Mysuru,3
Bangalore Rural,3
Kalyani,3
Ernakulam,3
Mohali/SAS Nagar,3
Ghaziabad,3
Karnataka,2
Panvel,2
Bangalore,2
Chenani,2
Bangalore/Bengaluru(BTM Layout),2
New Delhi(Jasola),2
Kota,2
Dehradun,2
Calicut/Kozhikode,2
Overseas,2
Delhi/NCR,2
Tirunelveli,2
gujarat,2
Meerut,2
Mumbai (All Areas)(Lower Parel),2
Ahmedabad(Prahlad Nagar),2
Gurgaon/Gurugram(Cyber City),2
Manesar,2
Hubli,2
Kanpur,2
Gurgaon/Gurugram(Sohna Road),2
Guntur,2
Gurugram,2
Panchkula,2
International,2
Mangalore,2
Panjim,2
Singapore,2
Bengaluru / Bangalore,2
Bellary/Ballari,2
Haryana,2
Pune(Senapati Bapat Road),2
Vijayawada,2
Madurai,2
Udaipur,2
South Goa,2
Bangalore/Bengaluru(Electronic City),2
Bangalore/Bengaluru(Marathahalli),2
Nagercoil,2
Punjab,2
Pune(Kharadi),2
Pune(Viman Nagar),2
Andheri East,1
Bharuch,1
Karnal,1
goa,1
Jaunpur,1
Bangalore/Bengaluru(Hebbal),1
Jharsuguda,1
Uttar Pradesh,1
Bangalore/Bengaluru(Banaswadi),1
Bhagalpur,1
Angul,1
Chennai(Ramapuram +1),1
Tiruchirapalli/Trichy,1
Serilingampally,1
Japan,1
DELH NCR,1
gaur,1
Bangalore/Bengaluru(Jayanagar),1
Agra,1
Bangalore/Bengaluru(6th Phase JP Nagar),1
Pune(Wakad +3),1
Chennai(Perungudi),1
Bangalore/Bengaluru(Sahakara Nagar),1
Tirupati,1
Anywhere in India,1
Kancheepuram,1
Chennai(Porur +1),1
Noida(Sector-95 Noida),1
Belgaum,1
Warangal,1
Delhi / NCR(Chattarpur),1
Pune(Balaji Nagar +7),1
Bahadurgarh,1
Hosur,1
Goa,1
Ambah,1
Kolkata(Salt Lake +1),1
Muzaffarpur,1
New Delhi(Mohan Co-operative),1
Mumbai (All Areas)(Bandra Kurla Complex),1
Bangalore/Bengaluru(Koramangala),1
Jabalpur,1
Dubai,1
Faridabad(Ballabhgarh),1
Bhilwara,1
Kurnool,1
Hyderabad/Secunderabad(Banjara hills),1
Bhiwandi,1
Ghaziabad(Vaishali),1
Bangalore/Bengaluru(Sarjapur),1
karnataka,1
Mumbai(SEEPZ),1
Mathura,1
pune,1
Sohna,1
"Bangalore/Bengaluru,",1
Bangalore/Bengaluru(Shettihalli),1
Bangalore/Bengaluru(Bannerghatta Road),1
Hyderabad/Secunderabad(Somajiguda),1
Thiruvananthapuram,1
Bangalore/Bengaluru(Electronic City +1),1
Pune(Hadapsar),1
Delhi / NCR(A1 Block Janakpuri),1
Pune(Talegaon Dabhade),1
Bengaluru/Bangalore,1
dharmapuri,1
Pune(Bavdhan),1
Noida(Sector-125 Noida),1
Jharkhand,1
Hyderabad/Secunderabad(Begumpet),1
Mumbai(Mumbra),1
Anantapur,1
Malad,1
Pune(Baner),1
Kozhikode,1
Rohini Sector - 7,1
Bangalore/Bengaluru(Old Madras Road),1
DELHI NCR,1
Thiruvallur,1
Hyderabad/Secunderabad(Kandukuru +3),1
New Delhi(Wazirpur),1
Erode,1
Hyderabad/Secunderabad(Gachibowli),1
any,1
Kollam/Quilon,1
Swargate,1
"verna,goa",1
Bhiwadi,1
Chennai(Manapakkam),1
remote,1
Bangalore/Bengaluru(Residency Road),1
Noida(Sector-63 Noida),1
"lunglei,mizoram",1
Dharmapuri,1
Delhi / NCR(Rani Bagh),1
Bangalore/Bengaluru(Vidyaranyapura),1
Bangalore/Bengaluru(HSR Layout),1
Mumbai(Mumbai Central),1
Udupi,1
chennai,1
"ahmedabad,detroj,dholka,viramgam,raipur",1
Cannanore/Kannur,1
vashi,1
New Delhi(Udyog Nagar),1
Maharashtra,1
Hyderabad/Secunderabad(Kushaiguda +1),1
Tumkur,1
Srinagar,1
Sami,1
Chengalpattu,1
Ankleshwar,1
Hyderabad/Secunderabad(Srinagar Colony),1
"Noida,",1
Trichy,1
Bangalore/Bengaluru(Electronics City Phase 1),1
Cochin/ Kochi/ Ernakulam,1
Howrah,1
Ranchi,1
Bangalore/Bengaluru(Sector 2 HSR Layout),1
Hyderabad/Secunderabad(KPHB),1
Vellore,1
Delhi / NCR(Vaishali),1
Bangalore/Bengaluru(EPIP Zone +1),1
Salem,1
Bangalore/Bengaluru(Mission Road),1
Bangalore/Bengaluru(Sadashiva Nagar),1
maharashtra,1
Bangalore/Bengaluru(HSR Layout +1),1
Bangalore/Bengaluru(Sector 1 HSR Layout),1
Jhansi,1
Palani,1
DELHI/NCR,1
Karur,1
punjab,1
Bareilly,1
Maldah/Malda,1
tamil,1
Bangalore/Bengaluru(Indira Nagar),1
Ludhiana,1
telangana,1
Belagavi/Belgaum,1
Delhi / NCR(East Patel Nagar),1
Pune(Balewadi Phata),1
Sholinganallur,1
New Delhi(Ashok Nagar),1
Gurgaon Gurugram,1
Chennai(Saligramam),1
Kharadi,1
Nasik/Nashik,1
Mumbai(Powai),1
Hyderabad/Secunderabad(Madhapur),1
Dharwad,1
Noida(NSEZ),1
Chennai(Mount Road),1
Ahmedabad(Anand Nagar +7),1
Delhi / NCR(Ghitorni),1
Chennai(Taramani),1
Chennai(Teynampet),1
Mumbai(Airoli),1
Amritsar,1
New Delhi(Connaught Place),1
Kanyakumari,1
Alleppey/Alappuzha,1
Any Location,1
Chhattisgarh,1
Bangalore/Bengaluru(JP Nagar),1
Bhilai/Bhillai,1
Bangalore/Bengaluru(Bellandur),1
Bangalore/Bengaluru(Whitefield),1
Dindigul,1
Aurangabad,1
Nagar,1
United Kingdom (UK),1
Hyderabad/Secunderabad(Nanakramguda),1
Noida(Sector-132 Noida),1
Bangalore/Bengaluru(HSR Layout +2),1
New Delhi(Safdarjung),1
Open,1
Ahmedabad(Ghatlodia),1
Chennai(Vadapalani),1
Thodupuzha,1
Pune(Sector No-7 Bhosari),1
Jalandhar,1
Shillong,1
New Delhi(Greater Kailash),1
Bangalore North,1
Indi,1
Yamunanagar,1
Thrissur/Trichur,1
tamilnadu other,1
Gwalior,1
Delhi /NCR,1
Hyderabad/Secunderabad(Kondapur),1
Pune(Kalyani Nagar),1
Bangalore/Bengaluru(5th block Koramangala),1
Noida(Sector-11 Noida),1
Anand,1
Noida(Sector-2 Noida),1
dwarka,1
Others,1
delhi ncr,1
New Delhi(Rani Bagh),1
Noida(Sector-59 Noida),1
Bangalore/Bengaluru(Sector 6 HSR Layout),1
Daman & Diu,1
Mumbai(Sector 30A Vashi),1
Gangtok,1
Noida(Sector-16A Noida),1
Gurgaon/Gurugram(Gwal Pahari),1
Siddipet,1
Kannur,1
Mysore,1
Mumbai(Prabhadevi),1
Greater Noida(Kasna),1
Vishakhapatnam,1
